{
  "Provtagningscentralen Centralkomplexet": [
    566.9779681271809,
    456.4951967803301
  ],
  "Str\u00e5lbehandling CT-MR-Fixation": [
    940.326336635188,
    774.3783720334533
  ],
  "AKOM akutteam 1": [
    990.2472956963446,
    518.6709920949322
  ],
  "Informationen": [
    431.53815877240237,
    550.3404031441086
  ],
  "R\u00f6ntgen S\u00f6der rum S1": [
    594.9032070418363,
    613.2493356841609
  ],
  "R\u00f6ntgen Norr rum S13 MR-kamera": [
    372.863108370452,
    607.09341458835
  ],
  "AKOM/MAVA-korridoren Uppg\u00e5ng B": [
    301.6320885641254,
    889.9741873253734
  ],
  "Neurokirurgimottagning (Bl\u00e5 str 7 plan 00)": [
    495.1174135108012,
    922.0835106671135
  ],
  "Avd 12 Thoraxkirurgi": [
    333.59241468096366,
    1085.2724941773467
  ],
  "Avd 53 Onkologi": [
    869.4647831541253,
    414.05753483312935
  ],
  "PIVA avd 22": [
    1313.8526470593717,
    656.6594387603427
  ],
  "Medicinmottagning 2": [
    895.7576408660175,
    330.1173875669934
  ],
  "EEG - Klinisk Neurofysiologimott.": [
    1183.7827867319318,
    923.437400207085
  ],
  "Str\u00e5lbehandling Rum 7": [
    1243.1734841907062,
    979.3294239549853
  ],
  "R\u00f6ntgen Buk och K\u00e4rl S30 Genomlysning (Uppg\u00e5ng C plan 2)": [
    825.2252786037919,
    659.596505627877
  ],
  "Fris\u00f6ren": [
    838.9945073081219,
    271.50480074770405
  ],
  "Avd 14 Plastik": [
    1226.073802936206,
    457.12394900045206
  ],
  "Avd 68 Gynekologi": [
    635.0342579722046,
    874.3800869679296
  ],
  "AKOM team 2 medicin": [
    1385.564240008899,
    727.3639526107484
  ],
  "Onkologimottagning 3 (KK Bl\u00e5 Str 6)": [
    916.881132301215,
    546.9920516001974
  ],
  "AKOM streamteam": [
    307.7579285786454,
    694.8494175517203
  ],
  "R\u00f6ntgen Plan 01 rum s18 (MR)": [
    1082.3282680490443,
    721.8002845020748
  ],
  "Str\u00e5lbehandling Rum 9": [
    1281.7073408799658,
    516.1117948046676
  ],
  "K\u00e4rlkirurgimottagning (Vita Str 12)": [
    1169.3907208249616,
    398.8486684594202
  ],
  "KOL-Centrum": [
    1418.4430927499702,
    329.97344727665876
  ],
  "Infla-center Reumatologi": [
    1184.3685366273996,
    612.8858902530411
  ],
  "Dexa (\"Scapis\") Bl\u00e5 str 7 plan 1": [
    714.203336908833,
    483.54262664740685
  ],
  "Operation 3 Thorax (finns p\u00e5 OP 2 tillf\u00e4lligt)": [
    549.7313516499252,
    238.03931497558585
  ],
  "Avd 18 \u00d6ron N\u00e4sa Hals (p\u00e5 27 under sommaren)": [
    567.6363052989307,
    535.9460251823336
  ],
  "Dexa (Plan 9 uppg\u00e5ng C)": [
    741.7627526594256,
    680.9771840436492
  ],
  "Huvudentr\u00e9n": [
    1368.3125322318822,
    0
  ],
  "Avd 26 Hj\u00e4rtdagsjukv\u00e5rd": [
    502.1583357660682,
    584.1868202335479
  ],
  "Str\u00e5lbehandling Rum 3": [
    561.4895899509908,
    843.0767300382857
  ],
  "Thoraxmottagning (under sommaren p\u00e5 avd 25)": [
    627.9560149153699,
    217.66695073320022
  ],
  "GEA Gastroenterologisk Endoskopi": [
    446.46975211795336,
    637.9127627941556
  ],
  "CIVA avd 96": [
    1358.0896890792023,
    500.7972790352796
  ],
  "Medicinmottagning 1": [
    1063.618646987195,
    277.19221091727775
  ],
  "Avd 138 K\u00e4rlkirurgi": [
    1337.264475334569,
    286.19966996103665
  ],
  "Str\u00e5lbehandling Rum 5": [
    1303.5377227576591,
    435.9239371731572
  ],
  "KFU Klinisk Fysiologi Ultraljud": [
    0,
    539.1078674213909
  ],
  "Ortopedimottagning (Bl\u00e5 str\u00e5ket 3)": [
    781.2244969401402,
    1048.9652628155304
  ],
  "IVF": [
    804.6722742171238,
    122.3396931660738
  ],
  "Mammografi": [
    637.5349497942811,
    512.6588609674141
  ],
  "\u00d6ron N\u00e4sa Hals-mottagning Akutsidan (gamla rtg)": [
    957.7905232617688,
    852.7390689770261
  ],
  "H\u00f6rselv\u00e5rd (Flyttat till  nya huset vid Uppg\u00e5ng H)": [
    1282.341926635706,
    907.8532382803563
  ],
  "\u00d6ron N\u00e4sa Hals-Mottagningen (flyttat till gamla r\u00f6ntgen)": [
    736.6240381039661,
    759.8840161160417
  ],
  "Str\u00e5lbehandling Rum 4": [
    0,
    457.8412007547241
  ],
  "CIVA Postop avdelning 97": [
    1305.8125329749137,
    736.8170957335335
  ],
  "Avd 21 Geriatrik": [
    293.70566688592567,
    594.9115729725137
  ],
  "Avd 134 Ryggm\u00e4rgsskador": [
    388.20898626507847,
    695.9489900421383
  ],
  "Reumatologimottagningen": [
    1251.2594646887937,
    832.8439636539363
  ],
  "Andningsfysiologi Klin fys mottagning 3": [
    886.7506814820749,
    0
  ],
  "Avd 30 Urologi (P\u00e5 131 under sommaren)": [
    860.1685682634322,
    1200
  ],
  "MS-Mottagningen": [
    854.1391326418525,
    494.2598925105287
  ],
  "Driftavdelning": [
    1059.4967096035032,
    181.2846225409267
  ],
  "Kirurgmottagningen Dagv\u00e5rd": [
    900.2545296696766,
    1002.956329726447
  ],
  "R\u00f6ntgen Plan 2/3 rum s21": [
    670.772180839983,
    640.5946404260831
  ],
  "Lunginfektionsmottagning TBC Vita Str 12": [
    1163.666509573735,
    1002.3738585946668
  ],
  "Avd 80 Psykiatri": [
    950.4226089122478,
    387.87412878472725
  ],
  "Str\u00e5lbehandling Reception": [
    573.8335071050949,
    158.73647908115254
  ],
  "Operation 8": [
    644.9157095195181,
    432.5987939023749
  ],
  "Urologmottagningen": [
    605.5728817004117,
    296.59033979482575
  ],
  "\u00d6ron N\u00e4s Hals-Mottagningen \u00d6NH": [
    862.514442589661,
    798.4732601469741
  ],
  "Avd 90 MAVA": [
    1085.1938917512184,
    818.4089195709353
  ],
  "Avd 133 Neurologi": [
    782.0068354836264,
    525.8441412411698
  ],
  "TIVA Thoraxintensiven": [
    243.8263259202257,
    531.2577515407879
  ],
  "Undervisningsmottagning (pl 1 nya huset vid uppg\u00e5ng H)": [
    424.4425703625651,
    783.8735950748392
  ],
  "Str\u00e5lbehandling Brachy": [
    1361.8744850288535,
    888.6864134757539
  ],
  "Peritonealdialys ( PD Bruna str 5 )": [
    699.5684265855695,
    566.4399662561724
  ],
  "K\u00f6nsmottagningen": [
    1082.655731648997,
    1000.0970965869608
  ],
  "Postop 4": [
    684.6779719716292,
    276.1005221061638
  ],
  "C-lab Klinisk Kemi Provinl\u00e4mning": [
    1287.1833892887184,
    0
  ],
  "Operation 7 \u00d6ron N\u00e4sa Hals": [
    236.45965448888717,
    651.9758433931407
  ],
  "Blodcentralen Transfusionsmedicin": [
    670.6809100064697,
    722.7903590742828
  ],
  "Bruna Str\u00e5ket 5 Entr\u00e9": [
    1205.991744612333,
    0
  ],
  "Intervention 1": [
    528.06349475952,
    318.5802443524981
  ],
  "Avd 131 Njurmedicin": [
    1018.7543991129023,
    772.6917049597017
  ],
  "KK-akuten Gynekologisk Akutmottagning": [
    1330.357359193836,
    814.0939933352354
  ],
  "Allergimottagning (samma hus som KOL-centrum)": [
    787.9077623493395,
    824.3759220979032
  ],
  "AKOM team 3 OBS:en": [
    964.467622101271,
    699.5228206796412
  ],
  "S\u00f6mnlab": [
    480.18566801953244,
    842.4372755470015
  ],
  "Avd 19 specialist": [
    881.6776462529181,
    877.0667170694035
  ],
  "Lungonkologisk Mottagning LOM": [
    495.4180412870834,
    417.52262583740537
  ],
  "Str\u00e5lbehandling Rum 1": [
    570.9762825819855,
    1200
  ],
  "Intervention 2": [
    664.8619339349154,
    948.0010704414926
  ],
  "Lungdiagnostisk Mott.": [
    722.3034790111233,
    407.91842781218884
  ],
  "Avd 81 Psykiatri": [
    1344.83205973835,
    968.0899383994147
  ],
  "Lungmottagningen Vita Str 12": [
    1202.5296256490778,
    535.7771771900666
  ],
  "NIVA Neurointensiven": [
    1346.1176786913486,
    366.66589344704937
  ],
  "Avd 27 Plastik": [
    805.689789165516,
    900.0277223289428
  ],
  "Avd 32 Specialistmedicin": [
    1011.5739203220768,
    440.61286852509545
  ],
  "Plastikmottagningen Gr\u00f6na Str 7": [
    605.5830894013633,
    774.7594394114906
  ],
  "Str\u00e5lbehandling Rum 8": [
    171.41145949551867,
    602.84052613072
  ],
  "Nuklearmedicin Klin Fys": [
    579.044858966897,
    68.58952616394333
  ],